"name";"jobTitle";"Place_of_Birth";"BirthDate";"DeathDate"
George Lucas;Writer, Producer, Director;1944-05-14;USA;NA
Andrew Adamson;Producer, Director, Writer;1966-12-01;New Zealand;NA
Vicky Jenson;Art Department, Animation Department, Art Director;NA;NA;NA
Brad Bird;Miscellaneous Crew, Writer, Director;1957-09-24;USA;NA
Jan Pinkava;Writer, Director, Animation Department;1963-06-21;Czechoslovakia (now Czech Republic);NA
Matthew Vaughn;Producer, Writer, Director;1971-03-07;UK;NA
Martin Campbell;Director, Producer, Actor;1943-10-24;New Zealand;NA
Sergio Leone;Assistant Director, Writer, Director;1929-01-03;Italy;1989-04-30
Olivier Nakache;Director, Writer, Actor;1973-04-15;France;NA
Eric Toledano;Director, Writer, Actor;1971-07-03;France;NA
Jon Favreau;Producer, Actor, Director;1966-10-19;USA;NA
Joe Johnston;Director, Visual Effects, Producer;1950-05-13;USA;NA
Martin Scorsese;Producer, Director, Actor;1942-11-17;USA;NA
Dean DeBlois;Writer, Animation Department, Director;1970-06-07;Canada;NA
Chris Sanders;Writer, Actor, Animation Department;1960-03-12;USA;NA
George Lucas;Writer, Producer, Director;1944-05-14;USA;NA
Francis Ford Coppola;Producer, Director, Writer;1939-04-07;USA;NA
James Cameron;Writer, Producer, Director;1954-08-16;Canada;NA
Paul Greengrass;Director, Producer, Writer;1955-08-13;UK;NA
Ben Affleck;Actor, Producer, Writer;1972-08-15;USA;NA
Steven Spielberg;Producer, Writer, Director;1946-12-18;USA;NA
Marc Webb;Director, Producer, Editor;1974-08-31;NA;NA
Matthew Vaughn;Producer, Writer, Director;1971-03-07;UK;NA
Francis Lawrence;Producer, Director, Writer;1971-03-26;Austria;NA
Nicolas Winding Refn;Writer, Director, Producer;1970-09-29;Denmark;NA
Bryan Singer;Producer, Director, Writer;1965-09-17;USA;NA
Tom Hooper;Director, Producer, Actor;1972-10-01;UK;NA
Guy Ritchie;Director, Producer, Writer;1968-09-10;UK;NA
Marc Forster;Director, Producer, Writer;1969-11-30;Germany;NA
Roman Polanski;Actor, Director, Writer;1933-08-18;France;NA
Andy Wachowski;Writer, Director, Producer;1967-12-29;USA;NA
Lana Wachowski;Writer, Director, Producer;1965-06-21;USA;NA
Bryan Singer;Producer, Director, Writer;1965-09-17;USA;NA
Clint Eastwood;Actor, Producer, Director;1930-05-31;USA;NA
Chris Columbus;Producer, Writer, Director;1958-09-10;USA;NA
Stanley Kubrick;Director, Writer, Producer;1928-07-26;USA;1999-03-07
Joel Coen;Producer, Writer, Director;1954-11-29;USA;NA
Ethan Coen;Producer, Writer, Director;1957-09-21;USA;NA
Ridley Scott;Producer, Director, Production Designer;1937-11-30;UK;NA
Greg Mottola;Director, Producer, Writer;1964-07-11;USA;NA
Gore Verbinski;Director, Producer, Soundtrack;1964-03-16;USA;NA
David Fincher;Producer, Director, Actor;1962-08-28;USA;NA
David Fincher;Producer, Director, Actor;1962-08-28;USA;NA
Roland Emmerich;Producer, Director, Writer;1955-11-10;Germany;NA
Danny Boyle;Director, Producer, Writer;1956-10-20;UK;NA
Michael Mann;Producer, Writer, Director;1943-02-05;USA;NA
Seth MacFarlane;Writer, Actor, Producer;1973-10-26;USA;NA
Rian Johnson;Director, Writer, Editor;1973-12-17;USA;NA
Peter Jackson;Producer, Director, Writer;1961-10-31;New Zealand;NA
George Lucas;Writer, Producer, Director;1944-05-14;USA;NA
Brad Bird;Miscellaneous Crew, Writer, Director;1957-09-24;USA;NA
Jason Reitman;Director, Producer, Writer;1977-10-19;Canada;NA
Ridley Scott;Producer, Director, Production Designer;1937-11-30;UK;NA
Harold Ramis;Writer, Actor, Producer;1944-11-21;USA;2014-02-24
Terry Gilliam;Writer, Actor, Animation Department;1940-11-22;USA;NA
Ang Lee;Director, Producer, Writer;1954-10-23;Taiwan;NA
Guillermo del Toro;Writer, Producer, Director;1964-10-09;Mexico;NA
David Fincher;Producer, Director, Actor;1962-08-28;USA;NA
