"name";"jobTitle";"Place_of_Birth";"BirthDate";"DeathDate"
John Hughes;Writer, Producer, Director;1950-02-18;USA;2009-08-06
Florian Henckel von Donnersmarck;Director, Writer, Producer;1973-05-02;Germany;NA
John Carpenter;Soundtrack, Writer, Director;1948-01-16;USA;NA
Andy Tennant;Producer, Director, Writer;1955;USA;NA
Martin Scorsese;Producer, Director, Actor;1942-11-17;USA;NA
Steven Spielberg;Producer, Writer, Director;1946-12-18;USA;NA
Guillermo del Toro;Writer, Producer, Director;1964-10-09;Mexico;NA
Joss Whedon;Writer, Producer, Director;1964-06-23;USA;NA
Ron Clements;Writer, Director, Animation Department;1953-04-25;USA;NA
John Musker;Writer, Director, Producer;1953-11-08;USA;NA
Simon West;Producer, Director, Actor;1961;UK;NA
Frank Coraci;Director, Actor, Writer;1966-02-03;USA;NA
Tony Scott;Producer, Director, Actor;1944-06-21;UK;2012-08-19
Doug Liman;Producer, Director, Miscellaneous Crew;1965-07-24;USA;NA
Oliver Hirschbiegel;Director, Actor, Writer;1957-12-29;Germany;NA
Gore Verbinski;Director, Producer, Soundtrack;1964-03-16;USA;NA
J.J. Abrams;Producer, Writer, Music Department;1966-06-27;USA;NA
James Mangold;Producer, Director, Writer;1963-12-16;USA;NA
Neil Jordan;Writer, Producer, Director;1950-02-25;Ireland;NA
Mel Gibson;Actor, Producer, Director;1956-01-03;USA;NA
John Hughes;Writer, Producer, Director;1950-02-18;USA;2009-08-06
John Lasseter;Producer, Director, Writer;1957-01-12;USA;NA
Joe Ranft;Actor, Writer, Miscellaneous Crew;1960-03-13;USA;2005-08-16
Tom Hooper;Director, Producer, Actor;1972-10-01;UK;NA
Louis Leterrier;Director, Actor, Assistant Director;1973-06-17;France;NA
Corey Yuen;Actor, Stunts, Miscellaneous Crew;1951;China;NA
David Lynch;Writer, Producer, Director;1946-01-20;USA;NA
Steven Spielberg;Producer, Writer, Director;1946-12-18;USA;NA
Paul Verhoeven;Producer, Director, Writer;1938-07-18;Netherlands;NA
Alfred Hitchcock;Director, Producer, Actor;1899-08-13;UK;1980-04-29
Robert Schwentke;Director, Writer, Soundtrack;1968;Germany;NA
Quentin Tarantino;Writer, Actor, Producer;1963-03-27;USA;NA
Ethan Coen;Producer, Writer, Director;1957-09-21;USA;NA
Joel Coen;Producer, Writer, Director;1954-11-29;USA;NA
Gabriele Muccino;Director, Writer, Producer;1967-05-20;Italy;NA
Baz Luhrmann;Director, Writer, Soundtrack;1962-09-17;Australia;NA
Francis Lawrence;Producer, Director, Writer;1971-03-26;Austria;NA
Wes Anderson;Director, Writer, Producer;1969-05-01;USA;NA
John Woo;Director, Producer, Writer;1946-09-23;China;NA
James L. Brooks;Writer, Producer, Miscellaneous Crew;1940-05-09;USA;NA
Mark Waters;Director, Producer, Writer;1964-06-30;USA;NA
Louis Leterrier;Director, Actor, Assistant Director;1973-06-17;France;NA
Mike Newell;Director, Producer, Actor;1942-03-28;UK;NA
Michael Mann;Producer, Writer, Director;1943-02-05;USA;NA
Martin Scorsese;Producer, Director, Actor;1942-11-17;USA;NA
David Ayer;Writer, Director, Producer;1968;USA;NA
Michael Cimino;Writer, Director, Producer;1939-02-03;USA;NA
Chris Weitz;Producer, Writer, Miscellaneous Crew;1969-11-30;USA;NA
Simon West;Producer, Director, Actor;1961;UK;NA
Ang Lee;Director, Producer, Writer;1954-10-23;Taiwan;NA
Rupert Sanders;Director, Writer, Producer;1971-03-16;UK;NA
Wes Ball;Art Department, Visual Effects, Director;NA;NA;NA
Stanley Kubrick;Director, Writer, Producer;1928-07-26;USA;1999-03-07
Phil Lord;Producer, Writer, Director;1975-07-12;USA;NA
Christopher Miller;Producer, Writer, Director;1975-09-23;USA;NA
Paul Verhoeven;Producer, Director, Writer;1938-07-18;Netherlands;NA
Joel Coen;Producer, Writer, Director;1954-11-29;USA;NA
Ethan Coen;Producer, Writer, Director;1957-09-21;USA;NA
Ben Stiller;Producer, Actor, Writer;1965-11-30;USA;NA
Robert Stromberg;Visual Effects, Production Designer, Director;NA;NA;NA
Olivier Megaton;Director, Writer, Producer;1965-08-06;France;NA
Tony Gilroy;Writer, Producer, Director;1956-09-11;USA;NA
Albert Hughes;Producer, Director, Writer;1972-04-01;USA;NA
Allen Hughes;Producer, Director, Writer;1972-04-01;USA;NA
Akira Kurosawa;Writer, Director, Assistant Director;1910-03-23;Japan;1998-09-06
Shawn Levy;Producer, Director, Actor;1968-07-23;Canada;NA
Henry Selick;Director, Writer, Producer;1952-11-30;USA;NA
