"name";"jobTitle";"Place_of_Birth";"BirthDate";"DeathDate"
Len Wiseman;Writer, Producer, Director;1973-03-04;USA;NA
Guillermo del Toro;Writer, Producer, Director;1964-10-09;Mexico;NA
Baz Luhrmann;Director, Writer, Soundtrack;1962-09-17;Australia;NA
Alan Taylor;Director, Producer, Writer;1965;NA;NA
Sam Raimi;Producer, Writer, Actor;1959-10-23;USA;NA
Clint Eastwood;Actor, Producer, Director;1930-05-31;USA;NA
Edgar Wright;Director, Writer, Actor;1974-04-18;UK;NA
Paul Thomas Anderson;Director, Writer, Producer;1970-06-26;USA;NA
Catherine Hardwicke;Production Designer, Director, Producer;1955-10-21;USA;NA
David Yates;Director, Producer, Writer;1963-11-30;UK;NA
Jonathan Dayton;Director, Producer, Camera Department;1957-07-07;USA;NA
Valerie Faris;Director, Producer, Writer;1958-10-20;USA;NA
David O. Russell;Producer, Director, Writer;1958-08-20;USA;NA
Tim Burton;Producer, Miscellaneous Crew, Director;1958-08-25;USA;NA
Luc Besson;Writer, Producer, Director;1959-03-18;France;NA
Doug Liman;Producer, Director, Miscellaneous Crew;1965-07-24;USA;NA
Brad Bird;Miscellaneous Crew, Writer, Director;1957-09-24;USA;NA
John G. Avildsen;Director, Editor, Cinematographer;1935-12-21;USA;NA
Rob Marshall;Director, Miscellaneous Crew, Producer;1960-10-17;USA;NA
Stanley Kubrick;Director, Writer, Producer;1928-07-26;USA;1999-03-07
Eric Bress;Writer, Producer, Director;NA;NA;NA
J. Mackye Gruber;Writer, Producer, Director;NA;NA;NA
Ridley Scott;Producer, Director, Production Designer;1937-11-30;UK;NA
Pierre Coffin;Actor, Director, Producer;NA;NA;NA
Chris Renaud;Producer, Animation Department, Director;NA;NA;NA
Seth Gordon;Producer, Director, Writer;NA;NA;NA
Gavin Hood;Actor, Producer, Director;1963-05-12;South Africa;NA
Mary Harron;Director, Writer, Producer;1953-01-12;Canada;NA
Chan-wook Park;Director, Writer, Producer;1963-08-23;South Korea;NA
Paul Greengrass;Director, Producer, Writer;1955-08-13;UK;NA
Steven Spielberg;Producer, Writer, Director;1946-12-18;USA;NA
Stephen Chbosky;Writer, Producer, Director;1970-01-25;USA;NA
