"name";"jobTitle";"Place_of_Birth";"BirthDate";"DeathDate"
Frank Darabont;Writer, Producer, Director;1959-01-28;France;NA
Christopher Nolan;Writer, Producer, Director;1970-07-30;UK;NA
Christopher Nolan;Writer, Producer, Director;1970-07-30;UK;NA
David Fincher;Producer, Director, Actor;1962-08-28;USA;NA
Quentin Tarantino;Writer, Actor, Producer;1963-03-27;USA;NA
Peter Jackson;Producer, Director, Writer;1961-10-31;New Zealand;NA
Peter Jackson;Producer, Director, Writer;1961-10-31;New Zealand;NA
Andy Wachowski;Writer, Director, Producer;1967-12-29;USA;NA
Lana Wachowski;Writer, Director, Producer;1965-06-21;USA;NA
Robert Zemeckis;Producer, Writer, Director;1951-05-14;USA;NA
Francis Ford Coppola;Producer, Director, Writer;1939-04-07;USA;NA
Christopher Nolan;Writer, Producer, Director;1970-07-30;UK;NA
Peter Jackson;Producer, Director, Writer;1961-10-31;New Zealand;NA
David Fincher;Producer, Director, Actor;1962-08-28;USA;NA
Ridley Scott;Producer, Director, Production Designer;1937-11-30;UK;NA
Christopher Nolan;Writer, Producer, Director;1970-07-30;UK;NA
Joss Whedon;Writer, Producer, Director;1964-06-23;USA;NA
James Cameron;Writer, Producer, Director;1954-08-16;Canada;NA
Quentin Tarantino;Writer, Actor, Producer;1963-03-27;USA;NA
George Lucas;Writer, Producer, Director;1944-05-14;USA;NA
Steven Spielberg;Producer, Writer, Director;1946-12-18;USA;NA
Martin Scorsese;Producer, Director, Actor;1942-11-17;USA;NA
Jonathan Demme;Director, Producer, Writer;1944-02-22;USA;NA
Steven Spielberg;Producer, Writer, Director;1946-12-18;USA;NA
Christopher Nolan;Writer, Producer, Director;1970-07-30;UK;NA
Quentin Tarantino;Writer, Actor, Producer;1963-03-27;USA;NA
Eli Roth;Producer, Actor, Writer;1972-04-18;USA;NA
Sam Mendes;Producer, Director, Miscellaneous Crew;1965-08-01;UK;NA
Christopher Nolan;Writer, Producer, Director;1970-07-30;UK;NA
Gore Verbinski;Director, Producer, Soundtrack;1964-03-16;USA;NA
James Cameron;Writer, Producer, Director;1954-08-16;Canada;NA
James McTeigue;Assistant Director, Director, Art Department;NA;NA;NA
Irvin Kershner;Director, Cinematographer, Actor;1923-04-29;USA;2010-11-27
Tony Kaye;Director, Cinematographer, Producer;1952;UK;NA
Francis Ford Coppola;Producer, Director, Writer;1939-04-07;USA;NA
Frank Darabont;Writer, Producer, Director;1959-01-28;France;NA
Martin Scorsese;Producer, Director, Actor;1942-11-17;USA;NA
Bryan Singer;Producer, Director, Writer;1965-09-17;USA;NA
Mel Gibson;Actor, Producer, Director;1956-01-03;USA;NA
James Cameron;Writer, Producer, Director;1954-08-16;Canada;NA
Martin Scorsese;Producer, Director, Actor;1942-11-17;USA;NA
Quentin Tarantino;Writer, Actor, Producer;1963-03-27;USA;NA
M. Night Shyamalan;Producer, Writer, Director;1970-08-06;India;NA
Luc Besson;Writer, Producer, Director;1959-03-18;France;NA
Gary Ross;Writer, Director, Producer;1956-11-03;USA;NA
Robert Zemeckis;Producer, Writer, Director;1951-05-14;USA;NA
Andrew Stanton;Writer, Actor, Producer;1965-12-03;USA;NA
Milos Forman;Director, Writer, Actor;1932-02-18;Czechoslovakia [now Czech Republic];NA
Frank Miller;Writer, Actor, Producer;1957-01-27;USA;NA
Robert Rodriguez;Producer, Director, Writer;1968-06-20;USA;NA
Quentin Tarantino;Writer, Actor, Producer;1963-03-27;USA;NA
Jon Favreau;Producer, Actor, Director;1966-10-19;USA;NA
Christopher Nolan;Writer, Producer, Director;1970-07-30;UK;NA
Martin Scorsese;Producer, Director, Actor;1942-11-17;USA;NA
Michel Gondry;Director, Writer, Producer;1963-05-08;France;NA
Danny Boyle;Director, Producer, Writer;1956-10-20;UK;NA
Loveleen Tandan;Casting Director, Assistant Director, Casting Department;NA;NA;NA
Steven Spielberg;Producer, Writer, Director;1946-12-18;USA;NA
Andrew Stanton;Writer, Actor, Producer;1965-12-03;USA;NA
Lee Unkrich;Editor, Editorial Department, Miscellaneous Crew;1967-08-08;USA;NA
Peter Weir;Director, Writer, Producer;1944-08-21;Australia;NA
Peter Jackson;Producer, Director, Writer;1961-10-31;New Zealand;NA
Quentin Tarantino;Writer, Actor, Producer;1963-03-27;USA;NA
Zack Snyder;Director, Producer, Writer;1966-03-01;USA;NA
Pete Docter;Writer, Director, Actor;1968-10-09;USA;NA
Bob Peterson;Actor, Miscellaneous Crew, Writer;1961-01-18;USA;NA
Richard Marquand;Director, Producer, Writer;1937-09-22;UK;1987-09-04
Ethan Coen;Producer, Writer, Director;1957-09-21;USA;NA
Joel Coen;Producer, Writer, Director;1954-11-29;USA;NA
Roger Allers;Writer, Art Department, Director;NA;NA;NA
Rob Minkoff;Producer, Director, Animation Department;NA;NA;NA
Guy Ritchie;Director, Producer, Writer;1968-09-10;UK;NA
Todd Phillips;Producer, Director, Writer;1970-12-20;USA;NA
John McTiernan;Director, Producer, Writer;1951-01-08;USA;NA
Stanley Kubrick;Director, Writer, Producer;1928-07-26;USA;1999-03-07
Gus Van Sant;Producer, Director, Writer;1952-07-24;USA;NA
John Lasseter;Producer, Director, Writer;1957-01-12;USA;NA
Richard Kelly;Writer, Producer, Director;1975-03-28;USA;NA
James Cameron;Writer, Producer, Director;1954-08-16;Canada;NA
Ron Howard;Actor, Producer, Director;1954-03-01;USA;NA
Alfonso Cuar�n;Writer, Producer, Director;1961-11-28;Mexico;NA
Darren Aronofsky;Director, Producer, Writer;1969-02-12;USA;NA
Darren Aronofsky;Director, Producer, Writer;1969-02-12;USA;NA
Clint Eastwood;Actor, Producer, Director;1930-05-31;USA;NA
Neill Blomkamp;Director, Visual Effects, Writer;1979-09-17;South Africa;NA
Ridley Scott;Producer, Director, Production Designer;1937-11-30;UK;NA
Steven Spielberg;Producer, Writer, Director;1946-12-18;USA;NA
Pete Docter;Writer, Director, Actor;1968-10-09;USA;NA
David Silverman;Producer, Miscellaneous Crew, Director;1957-03-15;USA;NA
Lee Unkrich;Editor, Editorial Department, Miscellaneous Crew;1967-08-08;USA;NA
Stanley Kubrick;Director, Writer, Producer;1928-07-26;USA;1999-03-07
Sam Raimi;Producer, Writer, Actor;1959-10-23;USA;NA
James Gunn;Writer, Producer, Director;1970-08-05;USA;NA
Fernando Meirelles;Producer, Director, Writer;1955-11-09;Brazil;NA
K�tia Lund;Director, Assistant Director, Writer;1966;Brazil;NA
Michael Bay;Producer, Director, Actor;1965-02-17;USA;NA
David O. Russell;Producer, Director, Writer;1958-08-20;USA;NA
J.J. Abrams;Producer, Writer, Music Department;1966-06-27;USA;NA
Zack Snyder;Director, Producer, Writer;1966-03-01;USA;NA
Shane Black;Writer, Actor, Director;1961-12-16;USA;NA
Jean-Pierre Jeunet;Director, Writer, Producer;1953-09-03;France;NA
Brian De Palma;Director, Writer, Producer;1940-09-11;USA;NA
Joel Coen;Producer, Writer, Director;1954-11-29;USA;NA
Ethan Coen;Producer, Writer, Director;1957-09-21;USA;NA
Francis Lawrence;Producer, Director, Writer;1971-03-26;Austria;NA
Gore Verbinski;Director, Producer, Soundtrack;1964-03-16;USA;NA
Lee Unkrich;Editor, Editorial Department, Miscellaneous Crew;1967-08-08;USA;NA
Quentin Tarantino;Writer, Actor, Producer;1963-03-27;USA;NA
David Yates;Director, Producer, Writer;1963-11-30;UK;NA
Sam Mendes;Producer, Director, Miscellaneous Crew;1965-08-01;UK;NA
Kenneth Branagh;Actor, Director, Producer;1960-12-10;UK;NA
Steven Spielberg;Producer, Writer, Director;1946-12-18;USA;NA
Pierre Morel;Camera Department, Cinematographer, Director;1964-05-12;France;NA
George Lucas;Writer, Producer, Director;1944-05-14;USA;NA
Matthew Vaughn;Producer, Writer, Director;1971-03-07;UK;NA
