"name";"jobTitle";"Place_of_Birth";"BirthDate";"DeathDate"
Louis Leterrier;Director, Actor, Assistant Director;1973-06-17;France;NA
Guillermo del Toro;Writer, Producer, Director;1964-10-09;Mexico;NA
Curtis Hanson;Director, Producer, Writer;1945-03-24;USA;NA
Alan Taylor;Director, Producer, Writer;1965;NA;NA
Sam Raimi;Producer, Writer, Actor;1959-10-23;USA;NA
Sidney Lumet;Director, Producer, Writer;1924-06-25;USA;2011-04-09
Guy Ritchie;Director, Producer, Writer;1968-09-10;UK;NA
Paul Thomas Anderson;Director, Writer, Producer;1970-06-26;USA;NA
Sean Penn;Actor, Producer, Director;1960-08-17;USA;NA
Stanley Kubrick;Director, Writer, Producer;1928-07-26;USA;1999-03-07
Catherine Hardwicke;Production Designer, Director, Producer;1955-10-21;USA;NA
Jonathan Dayton;Director, Producer, Camera Department;1957-07-07;USA;NA
Valerie Faris;Director, Producer, Writer;1958-10-20;USA;NA
Alfred Hitchcock;Director, Producer, Actor;1899-08-13;UK;1980-04-29
Neil Burger;Director, Writer, Producer;NA;NA;NA
Tim Burton;Producer, Miscellaneous Crew, Director;1958-08-25;USA;NA
Steven Spielberg;Producer, Writer, Director;1946-12-18;USA;NA
Doug Liman;Producer, Director, Miscellaneous Crew;1965-07-24;USA;NA
Rupert Wyatt;Director, Writer, Producer;1972-10-26;UK;NA
Brad Bird;Miscellaneous Crew, Writer, Director;1957-09-24;USA;NA
Doug Liman;Producer, Director, Miscellaneous Crew;1965-07-24;USA;NA
Rob Marshall;Director, Miscellaneous Crew, Producer;1960-10-17;USA;NA
Barry Levinson;Producer, Writer, Director;1942-04-06;USA;NA
Anthony Russo;Producer, Director, Writer;NA;NA;NA
Joe Russo;Producer, Director, Writer;NA;NA;NA
Eric Bress;Writer, Producer, Director;NA;NA;NA
J. Mackye Gruber;Writer, Producer, Director;NA;NA;NA
Pierre Coffin;Actor, Director, Producer;NA;NA;NA
Chris Renaud;Producer, Animation Department, Director;NA;NA;NA
Steven Soderbergh;Producer, Director, Cinematographer;1963-01-14;USA;NA
Seth Gordon;Producer, Director, Writer;NA;NA;NA
Edgar Wright;Director, Writer, Actor;1974-04-18;UK;NA
Mary Harron;Director, Writer, Producer;1953-01-12;Canada;NA
Edward Zwick;Producer, Writer, Director;1952-10-08;USA;NA
Len Wiseman;Writer, Producer, Director;1973-03-04;USA;NA
Steven Spielberg;Producer, Writer, Director;1946-12-18;USA;NA
Barry Sonnenfeld;Producer, Director, Cinematographer;1953-04-01;USA;NA
Baz Luhrmann;Director, Writer, Soundtrack;1962-09-17;Australia;NA
Bryan Singer;Producer, Director, Writer;1965-09-17;USA;NA
Clint Eastwood;Actor, Producer, Director;1930-05-31;USA;NA
Phil Lord;Producer, Writer, Director;1975-07-12;USA;NA
Christopher Miller;Producer, Writer, Director;1975-09-23;USA;NA
Edgar Wright;Director, Writer, Actor;1974-04-18;UK;NA
J.J. Abrams;Producer, Writer, Music Department;1966-06-27;USA;NA
David Yates;Director, Producer, Writer;1963-11-30;UK;NA
Nick Cassavetes;Actor, Director, Writer;1959-05-21;USA;NA
David O. Russell;Producer, Director, Writer;1958-08-20;USA;NA
Zack Snyder;Director, Producer, Writer;1966-03-01;USA;NA
Luc Besson;Writer, Producer, Director;1959-03-18;France;NA
Sam Raimi;Producer, Writer, Actor;1959-10-23;USA;NA
Michael Curtiz;Director, Actor, Producer;1886-12-24;Austria-Hungary (now Hungary);1962-04-10
Roberto Benigni;Actor, Writer, Director;1952-10-27;Italy;NA
Hayao Miyazaki;Animation Department, Director, Writer;1941-01-05;Japan;NA
Robert Zemeckis;Producer, Writer, Director;1951-05-14;USA;NA
Chris Buck;Animation Department, Director, Writer;NA;NA;NA
Jennifer Lee;Writer, Director, Actress;NA;NA;NA
Glenn Ficarra;Writer, Producer, Director;NA;NA;NA
John Requa;Writer, Producer, Director;NA;NA;NA
Paul Haggis;Writer, Producer, Miscellaneous Crew;1953-03-10;Canada;NA
Ruben Fleischer;Producer, Writer, Director;NA;NA;NA
Chris Columbus;Producer, Writer, Director;1958-09-10;USA;NA
Steve McQueen;Director, Writer, Producer;1969-10-09;UK;NA
Terry Gilliam;Writer, Actor, Animation Department;1940-11-22;USA;NA
Terry Jones;Actor, Writer, Producer;1942-02-01;UK;NA
Mike Newell;Director, Producer, Actor;1942-03-28;UK;NA
Wolfgang Petersen;Director, Producer, Writer;1941-03-14;Germany;NA
Andy Wachowski;Writer, Director, Producer;1967-12-29;USA;NA
Lana Wachowski;Writer, Director, Producer;1965-06-21;USA;NA
Alex Proyas;Director, Producer, Writer;1963-09-23;Egypt;NA
Marc Webb;Director, Producer, Editor;1974-08-31;NA;NA
Alfonso Cuar�n;Writer, Producer, Director;1961-11-28;Mexico;NA
Todd Phillips;Producer, Director, Writer;1970-12-20;USA;NA
John Lasseter;Producer, Director, Writer;1957-01-12;USA;NA
Ash Brannon;Animation Department, Director, Writer;NA;NA;NA
Lee Unkrich;Editor, Editorial Department, Miscellaneous Crew;1967-08-08;USA;NA
Wes Anderson;Director, Writer, Producer;1969-05-01;USA;NA
Brett Ratner;Producer, Director, Music Department;1969-03-28;USA;NA
Alfonso Cuar�n;Writer, Producer, Director;1961-11-28;Mexico;NA
Tim Burton;Producer, Miscellaneous Crew, Director;1958-08-25;USA;NA
Duncan Jones;Director, Writer, Visual Effects;1971-05-30;UK;NA
Joseph Kosinski;Director, Writer, Producer;1974-05-03;USA;NA
