"name";"jobTitle";"Place_of_Birth";"BirthDate";"DeathDate"
Gabriele Muccino;Director, Writer, Producer;1967-05-20;Italy;NA
Martin Scorsese;Producer, Director, Actor;1942-11-17;USA;NA
Doug Liman;Producer, Director, Miscellaneous Crew;1965-07-24;USA;NA
Edward Zwick;Producer, Writer, Director;1952-10-08;USA;NA
Roland Emmerich;Producer, Director, Writer;1955-11-10;Germany;NA
Paul Greengrass;Director, Producer, Writer;1955-08-13;UK;NA
David Fincher;Producer, Director, Actor;1962-08-28;USA;NA
David Yates;Director, Producer, Writer;1963-11-30;UK;NA
Steven Spielberg;Producer, Writer, Director;1946-12-18;USA;NA
Chris Wedge;Actor, Producer, Director;1957-03-20;USA;NA
Carlos Saldanha;Director, Producer, Actor;1965-01-24;Brazil;NA
Denis Villeneuve;Director, Writer, Actor;1967-10-03;Canada;NA
Sofia Coppola;Actress, Writer, Director;1971-05-14;USA;NA
Neill Blomkamp;Director, Visual Effects, Writer;1979-09-17;South Africa;NA
Peter Berg;Actor, Producer, Writer;1964-03-11;USA;NA
Spike Jonze;Writer, Director, Producer;1969-10-22;USA;NA
Michael Bay;Producer, Director, Actor;1965-02-17;USA;NA
Marc Forster;Director, Producer, Writer;1969-11-30;Germany;NA
Judd Apatow;Producer, Writer, Director;1967-12-06;USA;NA
Guy Ritchie;Director, Producer, Writer;1968-09-10;UK;NA
Michael Bay;Producer, Director, Actor;1965-02-17;USA;NA
Ron Howard;Actor, Producer, Director;1954-03-01;USA;NA
Steven Spielberg;Producer, Writer, Director;1946-12-18;USA;NA
Paul Weitz;Producer, Writer, Director;1965-11-19;USA;NA
Chris Weitz;Producer, Writer, Miscellaneous Crew;1969-11-30;USA;NA
Tim Burton;Producer, Miscellaneous Crew, Director;1958-08-25;USA;NA
Stephen Sommers;Writer, Producer, Director;1962-03-20;USA;NA
Kathryn Bigelow;Director, Producer, Writer;1951-11-27;USA;NA
Martin Scorsese;Producer, Director, Actor;1942-11-17;USA;NA
Peter Jackson;Producer, Director, Writer;1961-10-31;New Zealand;NA
Martin McDonagh;Director, Writer, Producer;1970-03-26;UK;NA
Michael Bay;Producer, Director, Actor;1965-02-17;USA;NA
Ben Stiller;Producer, Actor, Writer;1965-11-30;USA;NA
Richard Curtis;Writer, Producer, Director;1956-11-08;New Zealand;NA
Gavin O'Connor;Producer, Director, Writer;1964;USA;NA
Louis Leterrier;Director, Actor, Assistant Director;1973-06-17;France;NA
Tate Taylor;Actor, Producer, Director;NA;NA;NA
